問題番号,問題文,選択肢A,選択肢B,選択肢C,選択肢D,正解,解説
1,C++における「クラス」と「オブジェクト（インスタンス）」の関係として、最も適切なものはどれか。,クラスは具体的なデータであり、オブジェクトはその設計図である。,クラスは設計図であり、オブジェクトはその設計図に基づいて生成された実体である。,クラスとオブジェクトは常に一対一で対応し、同じ意味で使われる。,オブジェクトをコンパイルしたものがクラスである。,B,クラスは「設計図」、オブジェクト（インスタンス）はその設計図から作られた「実体」です。\n例：class Player {}; は設計図で、Player player; と書くことで player という実体（オブジェクト）が作られます。
2,クラスから実体（オブジェクト）を作成する操作を何と呼ぶか。,カプセル化,インスタンス化,初期化,抽象化,B,クラスからオブジェクトを生成することをインスタンス化と呼びます。\n 例：Player player; この1行でPlayerクラスのインスタンスが生成されています。
3,クラスの外部から直接アクセスできないように制限をかけるアクセス修飾子はどれか。,public,protected,internal,private,D,privateで宣言したメンバ変数やメンバ関数は、クラスの外部から直接アクセスできません。\n 例：class Player { private: int hp; }; の場合、player.hp = 100; はエラーになります。これはデータを安全に管理するためです。
4,クラスの外部からも、継承先のクラスからも自由にアクセスできるアクセス修飾子はどれか。,public,private,secret,friend,A,publicは誰でも利用できる公開部分です。\n例：class Player { public: void Move(); }; なら player.Move(); と自由に呼び出せます。
5,データ（メンバ変数）と、それを操作する関数（メンバ関数）を一つにまとめ、外部から直接データを変更できないようにする考え方を何というか。,多態性（ポリモーフィズム）,継承,カプセル化,オーバーロード,C,カプセル化とは、データとそれを操作する関数を1つのクラスにまとめることです。\n例えばHPを直接変更させず、player.Damage(10); のような関数を通して変更することで、安全なプログラムになります。
6,コンストラクタの説明として、最も適切なものはどれか。,オブジェクトが破棄される直前に自動で実行される関数。,オブジェクトが生成されたときに一度だけ自動で実行され、初期化を行う特別な関数。,クラスをコピーするために手動で呼び出す関数。,メモリを解放するためにプログラマが明示的に呼び出す関数。,B,コンストラクタはオブジェクト生成時に自動で呼ばれます。\n Player player; と書いた瞬間にコンストラクタが実行され、初期化が行われます。
7,クラス名が Car の場合、デストラクタの名前として正しいものはどれか。,~Car(),!Car(),delete Car(),end Car(),A,デストラクタは ~クラス名() という名前になります。\nオブジェクトが破棄される直前に自動で呼ばれます。
8,プログラマがコンストラクタを1つも宣言しなかった場合、どうなるか。,コンパイルエラーになる。,コンパイラが引数なしのデフォルトコンストラクタを自動生成する。,実行時にメモリ不足で強制終了する。,オブジェクトを生成できなくなる。,B,何もコンストラクタを書かなければ、コンパイラが Player() を自動生成します。\nただし、一度でも自分でコンストラクタを書くと、自動生成されない場合があるので注意しましょう。
9,コンストラクタ本体が実行される前にメンバ変数を初期化するための記法を何というか。,初期化ブロック,メンバ初期化リスト（イニシャライザリスト）,プリプロセッサ,インライン初期化,B,": hp(100),score(0) の部分がメンバ初期化リストです。\n代入よりも効率が良く、constメンバや参照メンバの初期化にも必須です。"
10,既存のクラスの機能を引き継いで、新しいクラスを定義する仕組みを何というか。,多態性（ポリモーフィズム）,抽象化,継承（インヘリタンス）,実装,C,継承を使うことで、既存クラスの機能を再利用できます。\n 例：class Boss : public Enemy {}; コードの重複を減らし、保守しやすいプログラムを書くために重要な機能です。
11,継承元となるクラスを「基本クラス（ベースクラス）」と呼ぶのに対し、継承して作られた新しいクラスを何と呼ぶか。,派生クラス（サブクラス）,親クラス,ルートクラス,仮想クラス,A,継承元は基本クラス（ベースクラス）、継承先は派生クラス（サブクラス）と呼びます。\n「親クラス」「子クラス」という呼び方もよく使われます。
12,protected で指定されたメンバのアクセス範囲として正しいものはどれか。,自クラス内のみアクセス可能。,自クラス内および派生クラス内からアクセス可能。,どこからでもアクセス可能。,どのクラスからもアクセス不可能。,B,protected は「自分のクラス」と「継承したクラス」からアクセスできます。\n 一方、外部から boss.hp = 100; とすることはできません。
13,クラス Dog がクラス Animal を public 継承する場合の正しい記述はどれか。,class Dog : public Animal { ... };,class Dog extends Animal { ... };,class Dog implements Animal { ... };,class Dog (Animal) { ... };,A,C++の継承は \nclass 派生クラス\n : public 基本クラス {}\n と書きます。\nextends や implements は Java などの構文です。
14,基本クラスのポインタや参照を通して派生クラスの関数を呼び出したとき、実際のオブジェクトに応じた関数が実行されるようにするために必要なキーワードはどれか。,static,virtual,inline,friend,B,virtual を付けることで、多態性（ポリモーフィズム）が実現できます。\nEnemy* enemy = new Boss(); enemy->Attack(); では Boss の Attack() が呼ばれます。
15,基本クラスの virtual関数 を、派生クラスで同じシグネチャ（関数名・引数・戻り値）で再定義することを何というか。,オーバーロード,オーバーライド,キャスト,シャドウイング,B,オーバーライドとは、継承した関数の動作を変更することです。\noverride を付けることで、関数名や引数の間違いをコンパイラが検出してくれます。
16,仮想関数(親クラスで定義しておき、子クラスで内容をオーバーライドできる関数)の宣言の末尾に = 0; を付け、実装を持たせないようにした関数を何と呼ぶか。,空関数,静的関数,純粋仮想関数,匿名関数,C,virtual void Attack() = 0; のような関数を純粋仮想関数と呼びます。\nこのような関数は、派生クラスで必ず実装する必要があります。
17,純粋仮想関数を1つ以上持ち、直接インスタンス化できないクラスを何と呼ぶか。,インターフェース,抽象クラス,具象クラス,静的クラス,B,純粋仮想関数を持つクラスは抽象クラスになります。\nEnemy enemy; のように直接インスタンス化することはできず、派生クラスを作って利用します。
18,ポリモーフィズム（多態性）を利用する最大のメリットとして最も適切なものはどれか。,プログラムの実行速度が飛躍的に向上する。,同じ関数呼び出しでも、オブジェクトの種類に応じて異なる処理を実行でき、柔軟で拡張しやすい設計になる。,ソースコードの行数を増やすことができる。,メモリ使用量を極限まで減らすことができる。,B,enemy->Attack(); という同じコードでも、\nBoss、Ghost、Slime など実際のオブジェクトに応じて異なる攻撃が実行されます。\nゲームプログラムで非常に重要な考え方です。
19,メンバ関数内で、その関数を呼び出しているオブジェクト自身を指すポインタはどれか。,self,me,that,this,D,this は「自分自身」を指します。\n this->hp は「このオブジェクトの hp」を意味します。
20,クラス全体で共有され、オブジェクトごとではなくクラスに属するメンバを何と呼ぶか。,定数メンバ,静的メンバ（staticメンバ）,動的メンバ,グローバルメンバ,B,static メンバは、すべてのオブジェクトで共有されます。\nPlayer::playerCount のようにクラス名から利用でき、「生成されたオブジェクト数」などの管理に便利です。
21,関数の後ろに const を付けたメンバ関数の説明として、最も適切なものはどれか。,その関数内では、原則としてメンバ変数の値を変更できない。,その関数は一度しか呼び出せない。,その関数は値を返すことができない。,その関数は private メンバにアクセスできない。,A,constメンバ関数は、オブジェクトの状態を変更しないことを保証する関数です。\nGetHp() const のように値を取得するだけの関数に付けるのが適切です。
22,同じ名前の関数を、引数の型や数を変えて複数定義することを何というか。,オーバーライド,オーバーロード,アップキャスト,テンプレート,B,オーバーロードでは、同じ関数名でも引数が異なれば複数定義できます（例：Attack()、Attack(int power)）。\n用途に応じて使い分けられます。
23,C++で実行時に動的メモリを確保する演算子はどれか。,malloc,alloc,new,create,C,new はヒープ領域にオブジェクトを生成します。\nただし現代のC++（C++11以降）では std::make_unique や std::make_shared を利用することが推奨されています。
24,new で確保したメモリを解放するために使用する演算子はどれか。,free,remove,clear,delete,D,new と delete は必ず対になります。\nスマートポインタ（std::make_unique など）を使えば自動解放されるため delete を直接書く必要が無くなります。
25,オブジェクトを指すポインタから、そのメンバにアクセスするために使う演算子はどれか。,.,->,::,*,B,ポインタからメンバへアクセスするときは ->（アロー演算子）を使います。\n通常のオブジェクトなら .（ドット演算子）を使います。
26,変数の別名として機能し、ポインタのようにアドレス演算子を意識せず利用できる機能を何というか。,ポインタ,参照（リファレンス）,エイリアス,リンク,B,参照は変数の「別名」です。\nint& ref = a; とすると、ref を変更した際に元の変数 a の値も直接変更されます。
27,クラス外でメンバ関数を定義したり、静的メンバへアクセスしたりするときに使用する :: を何というか。,アロー演算子,スコープ解決演算子,比較演算子,条件演算子,B,void Player::Move() や Player::playerCount で使われる :: をスコープ解決演算子と呼びます。
28,同じ名前の関数やクラスが衝突しないようにグループ分けする仕組みを何というか。,名前空間（namespace）,モジュール,パッケージ,ライブラリ,A,代表例は std::cout や std::vector で使われている std です。\n名前の衝突を防ぐための仕組みです。
29,C++標準ライブラリ（STL）に含まれる、要素数を動的に増減できる配列を扱うコンテナはどれか。,std::string,std::vector,std::list,std::array,B,std::vector は最もよく使われる動的配列コンテナです。\nゲーム開発でも敵一覧や弾一覧などの管理に頻繁に利用されます。
30,派生クラスで仮想関数をオーバーライドするとき、関数名や引数の書き間違いをコンパイラが検出できるようにするため、C++11から導入されたキーワードはどれか。,virtual,final,override,overwrite,C,override を付けることで、基底クラスの関数と名前や引数が一致していない場合に\nコンパイルエラーとしてすぐに検出できるようになります。
